Workbook

Sheet 表紙
E1: 仕様の理解がなくてもできるようなテストを書く
A2: Hoge テストケースリスト | E2: すべての分岐を書く
A4: テスト評価表 | E4: 単体テスト | F4: ページが表示されているか、
A5: テスト数 | B5: ='各機能表'!F8 -> 269 | E5: 結合テスト | F5: DBの値が反映されているか | G5: →同時にテストしておｋ
A6: 実施日
A7: テスト合格数 | B7: ='各機能表'!G8 -> 269
A8: テスト合格率 | B8: ='各機能表'!J8 -> 1
A11: 対象画面 | B11: テスト対象の画面
A12: 確認する内容 | B12: 仕様として定められている内容
A13: 確認方法 | B13: どのようなテストを実施するか
A14: 期待する結果 | B14: テストを実施した場合に期待する結果
A15: 実施結果 | B15: 期待通りの場合：「ok」
B16: 期待どおりでない場合：起きた現象を記入する。改善後に「ok」にする。
A17: ステータス | B17: 終了したらCloseとする。
A20: テストステータス
A21: 未実施 | B21: 未実施のもの
A22: 要対応 | B22: バグ、もしくは結果が期待どおりでないもの。トラブルIssueを立てる対象
A23: Close | B23: 実施済みで結果が全てOKのもの
A26: テスト重要度
A27: CR | B27: Critical。出たらヤバイやつ
A28: MA | B28: Majer。回避策はあるが必ず直すもの
A29: OR | B29: Original。軽微だが動作不良に分類するもの
A30: info | B30: information。気になる程度のもの。直す優先度は低い
A32: ■テストルール
A33: ・テスターは自分がクレーマーだと演技して粗探しをする。同じトラブルも今出るのとリリース後に出るのでは時間が10倍違う。今出たほうが10倍マシ。
A34: ・テスト中のトラブルは出るたびに起票する（後でまとめてやらない）
A35: ・Issueタイトル、Issueリンクをこのチャンネルにメンション無しで投稿する（出るたびに1投稿とする）
A36: ・似たようなトラブルでも画面が違ったら別Issueとする
A37: ・重要度で迷ったら危ない側（CR>MA>OR>Info）を選択する
A38: ・チーム行動としての優先度
A39: １）テスト実施率100％
A40: ２）テスト実施を阻むトラブル（MA,CR）を直す
A41: ３）OR以下を直す

Sheet 各機能表
F7: テスト数 | G7: Close | H7: 要対応 | I7: 実施率 | J7: Close率
E8: 合計値 | F8: =SUM(F11:F33) -> 269 | G8: =SUM(G11:G33) -> 269 | H8: =SUM(H11:H33) -> 0 | I8: =(G8+H8)/F8 -> 1 | J8: =G8/F8 -> 1
B10: No | C10: 機能仕様書画面 | D10: 画面詳細 | E10: ステータス | F10: テスト数 | G10: Close | H10: 要対応 | I10: 実施率 | J10: Close率
B11: 1 | C11: 起動画面 | D11: アプリ起動直後に表示される画面 | F11: ='起動画面'!$H$2 -> 2 | G11: ='起動画面'!$H$5 -> 2 | H11: ='起動画面'!$H$6 -> 0 | I11: ='起動画面'!$H$8 -> 1 | J11: ='起動画面'!$H$9 -> 1
B12: 2 | C12: パスワード入力画面 | D12: アプリ利用のために認証を行う画面 | F12: ='パスワード入力画面'!$H$2 -> 14 | G12: ='パスワード入力画面'!$H$5 -> 14 | H12: ='パスワード入力画面'!$H$6 -> 0 | I12: ='パスワード入力画面'!$H$8 -> 1 | J12: ='パスワード入力画面'!$H$9 -> 1
B13: 3 | C13: トップ画面 | D13: 認証後アプリを利用するための画面 | F13: ='トップ画面'!$H$2 -> 2 | G13: ='トップ画面'!$H$5 -> 2 | H13: ='トップ画面'!$H$6 -> 0 | I13: ='トップ画面'!$H$8 -> 1 | J13: ='トップ画面'!$H$9 -> 1
B14: 4 | C14: 商品選択画面① | D14: 商品を選択する画面 | F14: ='商品選択画面①'!$H$2 -> 16 | G14: ='商品選択画面①'!$H$5 -> 16 | H14: ='商品選択画面①'!$H$6 -> 0 | I14: ='商品選択画面①'!$H$8 -> 1 | J14: ='商品選択画面①'!$H$9 -> 1
B15: 5 | C15: 商品選択画面② | D15: 選択した商品に関するカバーなどを選択する画面 | F15: ='商品選択画面②'!$H$2 -> 26 | G15: ='商品選択画面②'!$H$5 -> 26 | H15: ='商品選択画面②'!$H$6 -> 0 | I15: ='商品選択画面②'!$H$8 -> 1 | J15: ='商品選択画面②'!$H$8 -> 1
B16: 6 | C16: 基本情報入力画面 | D16: ユーザーの基本情報を入力する画面 | F16: ='基本情報入力画面'!$H$2 -> 27 | G16: ='基本情報入力画面'!$H$5 -> 27 | H16: ='基本情報入力画面'!$H$6 -> 0 | I16: ='基本情報入力画面'!$H$8 -> 1 | J16: ='基本情報入力画面'!$H$8 -> 1
B17: 7 | C17: 個人情報入力画面 | D17: ユーザーの個人情報を入力する画面 | F17: ='個人情報入力画面'!$H$2 -> 20 | G17: ='個人情報入力画面'!$H$5 -> 20 | H17: ='個人情報入力画面'!$H$6 -> 0 | I17: ='個人情報入力画面'!$H$8 -> 1 | J17: ='個人情報入力画面'!$H$8 -> 1
B18: 8 | C18: ヒアリング1/2画面 | D18: 選択形式でヒアリングを解答する画面 | F18: ='ヒアリング12画面'!$H$2 -> 8 | G18: ='ヒアリング12画面'!$H$5 -> 8 | H18: ='ヒアリング12画面'!$H$6 -> 0 | I18: ='ヒアリング12画面'!$H$8 -> 1 | J18: ='ヒアリング12画面'!$H$8 -> 1
B19: 9 | C19: ヒアリング2/2画面 | D19: ヒアリングを解答する画面 | F19: ='ヒアリング22画面'!$H$2 -> 13 | G19: ='ヒアリング22画面'!$H$5 -> 13 | H19: ='ヒアリング22画面'!$H$6 -> 0 | I19: ='ヒアリング22画面'!$H$8 -> 1 | J19: ='ヒアリング22画面'!$H$8 -> 1
B20: 10 | C20: 計測方法選択画面 | D20: 計測方法を選ぶ画面 | F20: ='計測方法選択画面'!$H$2 -> 8 | G20: ='計測方法選択画面'!$H$5 -> 8 | H20: ='計測方法選択画面'!$H$6 -> 0 | I20: ='計測方法選択画面'!$H$8 -> 1 | J20: ='計測方法選択画面'!$H$8 -> 1
B21: 11 | C21: 計測チュートリアル画面 | D21: 計測に関して動画で表示する画面 | F21: ='計測チュートリアル画面'!$H$2 -> 6 | G21: ='計測チュートリアル画面'!$H$5 -> 6 | H21: ='計測チュートリアル画面'!$H$6 -> 0 | I21: ='計測チュートリアル画面'!$H$8 -> 1 | J21: ='計測チュートリアル画面'!$H$8 -> 1
B22: 12 | C22: 計測案内画面 | D22: 解析にあたり必要な情報を表示する画面 | F22: ='計測案内画面'!$H$2 -> 3 | G22: ='計測案内画面'!$H$5 -> 3 | H22: ='計測案内画面'!$H$6 -> 0 | I22: ='計測案内画面'!$H$8 -> 1 | J22: ='計測案内画面'!$H$8 -> 1
B23: 13 | C23: ジャイロ調整画面 | D23: 解析にあたりデバイスが垂直になっているか確認する画面 | F23: ='ジャイロ調整画面'!$H$2 -> 4 | G23: ='ジャイロ調整画面'!$H$5 -> 4 | H23: ='ジャイロ調整画面'!$H$6 -> 0 | I23: ='ジャイロ調整画面'!$H$8 -> 1 | J23: ='ジャイロ調整画面'!$H$8 -> 1
B24: 14 | C24: 計測画面（正面） | D24: 正面から計測を実施する画面 | F24: ='計測画面（正面）'!$H$2 -> 6 | G24: ='計測画面（正面）'!$H$5 -> 6 | H24: ='計測画面（正面）'!$H$6 -> 0 | I24: ='計測画面（正面）'!$H$8 -> 1 | J24: ='計測画面（正面）'!$H$8 -> 1
B25: 15 | C25: 計測画面（横） | D25: 横から計測を実施する画面 | F25: ='計測画面（横）'!$H$2 -> 6 | G25: ='計測画面（横）'!$H$5 -> 6 | H25: ='計測画面（横）'!$H$6 -> 0 | I25: ='計測画面（横）'!$H$8 -> 1 | J25: ='計測画面（横）'!$H$8 -> 1
B26: 16 | C26: 計測画面（ポジション調整） | D26: 撮影した対象の位置を調整する画面 | F26: ='計測画面（ポジション調整）'!$H$2 -> 14 | G26: ='計測画面（ポジション調整）'!$H$5 -> 14 | H26: ='計測画面（ポジション調整）'!$H$6 -> 0 | I26: ='計測画面（ポジション調整）'!$H$8 -> 1 | J26: ='計測画面（ポジション調整）'!$H$8 -> 1
B27: 17 | C27: 計測結果画面 | D27: 計測結果を表示する画面 | F27: ='計測結果画面'!$H$2 -> 11 | G27: ='計測結果画面'!$H$5 -> 11 | H27: ='計測結果画面'!$H$6 -> 0 | I27: ='計測結果画面'!$H$8 -> 1 | J27: ='計測結果画面'!$H$8 -> 1
B28: 18 | C28: 解析結果商品レコメンド画面 | D28: 計測結果に基づいてユーザーにあった商品を表示する画面 | F28: ='解析結果商品レコメンド画面'!$H$2 -> 17 | G28: ='解析結果商品レコメンド画面'!$H$5 -> 17 | H28: ='解析結果商品レコメンド画面'!$H$6 -> 0 | I28: ='解析結果商品レコメンド画面'!$H$8 -> 1 | J28: ='解析結果商品レコメンド画面'!$H$8 -> 1
B29: 19 | C29: 個人情報確認画面 | D29: 入力した個人情報を確認する画面 | F29: ='個人情報確認画面'!$H$2 -> 9 | G29: ='個人情報確認画面'!$H$5 -> 9 | H29: ='個人情報確認画面'!$H$6 -> 0 | I29: ='個人情報確認画面'!$H$8 -> 1 | J29: ='個人情報確認画面'!$H$8 -> 1
B30: 20 | C30: 個人情報修正画面 | D30: 個人情報の内容を修正する画面 | F30: ='個人情報修正画面'!$H$2 -> 22 | G30: ='個人情報修正画面'!$H$5 -> 22 | H30: ='個人情報修正画面'!$H$6 -> 0 | I30: ='個人情報修正画面'!$H$8 -> 1 | J30: ='個人情報修正画面'!$H$8 -> 1
B31: 21 | C31: 商品情報確認画面 | D31: 購入する商品を確認する画面 | F31: ='商品情報確認画面'!$H$2 -> 9 | G31: ='商品情報確認画面'!$H$5 -> 9 | H31: ='商品情報確認画面'!$H$6 -> 0 | I31: ='商品情報確認画面'!$H$8 -> 1 | J31: ='商品情報確認画面'!$H$8 -> 1
B32: 22 | C32: 商品情報確認修正画面 | D32: 選択したカバーの商品情報を修正する画面 | F32: ='商品情報確認修正画面'!$H$2 -> 19 | G32: ='商品情報確認修正画面'!$H$5 -> 19 | H32: ='商品情報確認修正画面'!$H$6 -> 0 | I32: ='商品情報確認修正画面'!$H$8 -> 1 | J32: ='商品情報確認修正画面'!$H$8 -> 1
B33: 23 | C33: オーダー完了画面 | D33: 商品購入後に表示する画面 | F33: ='オーダー完了画面'!$H$2 -> 7 | G33: ='オーダー完了画面'!$H$5 -> 7 | H33: ='オーダー完了画面'!$H$6 -> 0 | I33: ='オーダー完了画面'!$H$8 -> 1 | J33: ='オーダー完了画面'!$H$8 -> 1

Sheet 起動画面
G2: 全体テスト項目数 | H2: =COUNTA(E11:E293) -> 2
G3: 未実施数 | H3: =H2-H4 -> 0
G4: 実施数 | H4: =COUNTIF(J11:J292, "<>") -> 2 | K4: 未実施
G5: Close数 | H5: =COUNTIF(K11:K293, "Close") -> 2 | K5: 要対応
G6: 要対応数 | H6: =COUNTIF(K11:K293, "要対応") -> 0 | K6: Close
G7: 再実施数 | H7: =COUNTIF(J16:J293, "再実施") -> 0
G8: 実施率 | H8: =H4/H2 -> 1
G9: Close率 | H9: =H5/H2 -> 1
A10: ユーザー | B10: 対象画面 | C10: 正常or異常 | D10: 確認する品質 | E10: 期待する結果 | G10: 又来_iPhone12mini | J10: 実施日 | K10: ステータス
B11: 起動画面 | C11: 正常 | D11: アプリ起動後に表示される画面のUIを確認する | E11: レイアウト通りにパーツが表示されていること | G11: Close | J11: 45834 | K11: Close
C12: 正常 | D12: 起動時に表示された画像を確認する | E12: 画像がアニメーションして切り替わること | G12: Close | J12: 45834 | K12: Close

Sheet パスワード入力画面
G2: 全体テスト項目数 | H2: =COUNTA(E11:E293) -> 14
G3: 未実施数 | H3: =H2-H4 -> 0
G4: 実施数 | H4: =COUNTIF(J11:J292, "<>") -> 14 | K4: 未実施
G5: Close数 | H5: =COUNTIF(K11:K293, "Close") -> 14 | K5: 要対応
G6: 要対応数 | H6: =COUNTIF(K11:K293, "要対応") -> 0 | K6: Close
G7: 再実施数 | H7: =COUNTIF(J16:J293, "再実施") -> 0
G8: 実施率 | H8: =H4/H2 -> 1
G9: Close率 | H9: =H5/H2 -> 1
A10: ユーザー | B10: 対象画面 | C10: 正常or異常 | D10: 確認する品質 | E10: 期待する結果 | G10: 又来_iPhone12mini | J10: 実施日 | K10: ステータス
B11: パスワード入力画面 | C11: 正常 | D11: 表示される画面のUIを確認する | E11: レイアウト通りにパーツが表示されていること | G11: Close | J11: 45834 | K11: Close
C12: 正常 | D12: ユーザーIDフォームをタップする | E12: キーボードが表示されフォームが入力できること | G12: Close | J12: 45834 | K12: Close
C13: 正常 | D13: ユーザーIDフォームで半角英数字+@を入力する | E13: 問題なく入力が反映されていること (半角英数字+@のみ受付) | G13: Close | J13: 45834 | K13: Close
C14: 正常 | D14: パスワードフォームをタップする | E14: キーボードが表示されフォームが入力できること | G14: Close | J14: 45834 | K14: Close
C15: 正常 | D15: ユーザーIDフォームで半角英数字を入力する | E15: 問題なく入力が反映されていること (半角英数字のみ受付) | G15: Close | J15: 45834 | K15: Close
C16: 正常 | D16: パスワードフォームで半角英数字を8文字以上入力する | E16: 8文字のみ受け付けること | G16: Close | J16: 45834 | K16: Close
C17: 正常 | D17: ユーザーID、パスワードを入力した状態でログインボタンをタップする | E17: ログイン処理が行われること | G17: Close | J17: 45834 | K17: Close
C18: 正常 | D18: LINEロゴをタップする | E18: 外部リンク（公式LINE）に遷移し、LINEを起動する。 | G18: Close | J18: 45834 | K18: Close
C19: 正常 | D19: ねむりやホームページをタップする | E19: 外部リンク（公式HP）に遷移する。 | G19: Close | J19: 45834 | K19: Close
C20: 正常 | D20: ショップページをタップする | E20: 外部リンク（ショップページ）に遷移する。 | G20: Close | J20: 45834 | K20: Close | L20: 遷移はするがリンク先のサーバーが見つからない
C21: 異常 | D21: 登録されていない ユーザーID、パスワードを入力した状態でログインボタンをタップする | E21: 「ユーザー情報をご確認の上、入力してください」とエラーメッセージをアプリ上に表示されること。 | G21: Close | J21: 45834 | K21: Close
C22: 異常 | D22: フォームが空の状態でログインボタンをタップする | E22: 「正しい[項目]内容を入力してください」とエラーメッセージがフォーム上に表示されること | G22: Close | J22: 45834 | K22: Close
C23: 異常 | D23: ユーザーIDフォームで絵文字を入力する | E23: フォームへ入力できないこと | G23: Close | J23: 45834 | K23: Close
C24: 異常 | D24: パスワードフォームで絵文字を入力する | E24: フォームへ入力できないこと | G24: Close | J24: 45834 | K24: Close

Sheet トップ画面
G2: 全体テスト項目数 | H2: =COUNTA(E11:E292) -> 2
G3: 未実施数 | H3: =H2-H4 -> 0
G4: 実施数 | H4: =COUNTIF(J11:J292, "<>") -> 2 | K4: 未実施
G5: Close数 | H5: =COUNTIF(K11:K292, "Close") -> 2 | K5: 要対応
G6: 要対応数 | H6: =COUNTIF(K11:K292, "要対応") -> 0 | K6: Close
G7: 再実施数 | H7: =COUNTIF(J15:J292, "再実施") -> 0
G8: 実施率 | H8: =H4/H2 -> 1
G9: Close率 | H9: =H5/H2 -> 1
A10: ユーザー | B10: 対象画面 | C10: 正常or異常 | D10: 確認する品質 | E10: 期待する結果 | G10: 又来_iPhone12mini | J10: 実施日 | K10: ステータス | L10: issue id
B11: トップ画面 | C11: 正常 | D11: 表示される画面のUIを確認する | E11: レイアウト通りにパーツが表示されていること | G11: Close | J11: 45834 | K11: Close
C12: 正常 | D12: 計測するボタンをタップする | E12: 基本情報入力画面に遷移すること | G12: Close | J12: 45834 | K12: Close

Sheet 商品選択画面①
G2: 全体テスト項目数 | H2: =COUNTA(E11:E294) -> 16
G3: 未実施数 | H3: =H2-H4 -> 0
G4: 実施数 | H4: =COUNTIF(J11:J294, "<>") -> 16 | K4: 未実施
G5: Close数 | H5: =COUNTIF(K11:K294, "Close") -> 16 | K5: 要対応
G6: 要対応数 | H6: =COUNTIF(K11:K294, "要対応") -> 0 | K6: Close
G7: 再実施数 | H7: =COUNTIF(J15:J294, "再実施") -> 0
G8: 実施率 | H8: =H4/H2 -> 1
G9: Close率 | H9: =H5/H2 -> 1
A10: ユーザー | B10: 対象画面 | C10: 正常or異常 | D10: 確認する品質 | E10: 期待する結果 | G10: 又来_iPhone12mini | J10: 実行日 | K10: ステータス | L10: issue id
B11: 商品選択画面① | C11: 正常 | D11: 表示される画面のUIを確認する | E11: レイアウト通りにパーツが表示されていること | G11: Close | J11: 45834 | K11: Close
C12: 正常 | D12: ・オーダーメイドまくら ・オーダーメイドマットレス ・オーダーメイドまくらとオーダーメイドマットレス 任意の項目をタップする | E12: 選択した項目がアクティブ状態になること(選択した項目が青枠になる） | G12: Close | J12: 45834 | K12: Close
C13: 正常 | D13: 画面上部の進捗度を確認する | E13: 1/6の進捗度になっていること | G13: Close | J13: 45834 | K13: Close
C14: 正常 | D14: ・オーダーメイドマットレスの項目を選択する | E14: マットレス仕様の選択が表示されること。 マットレスを選んだユーザーに対して、「厚み」「サイズ」「利用人数」の選択が表示される。 「厚み」…120mm/270mm 「サイズ」…シングル/セミダブル/ダブル/クイーン/キング | G14: Close | J14: 45834 | K14: Close
C15: 正常 | D15: マットレスでダブル以上を選択する | E15: 利用人数を選択する項目が表示されること | G15: Close | J15: 45834 | K15: Close
C16: 正常 | D16: オーダーメイドまくらを選択した状態で次に進むボタンをタップする | E16: 商品選択画面②へ遷移すること ※商品選択画面②画面のタイトルが「オーダーまくら専用カバー」と表示されていること | G16: Close | J16: 45834 | K16: Close
C17: 正常 | D17: オーダーメイドマットレスを選択した状態で次にすすむボタンをタップする(サイズや利用人数は任意) | E17: 商品選択画面②へ遷移すること ※商品選択画面②画面のタイトルが「オーダーマットレス専用カバー」と表示されていること | G17: Close | J17: 45834 | K17: Close
C18: 正常 | D18: オーダーメイドまくらとオーダーメイドマットレスを選択した状態で次にすすむボタンをタップする(サイズや利用人数は任意) | E18: 商品選択画面②へ遷移すること ※商品選択画面②画面のタイトルが「カバー選択画面」と表示されていること | G18: Close | J18: 45834 | K18: Close
C19: 正常 | D19: オーダーメイドマットレスマットレスの項目でマットレスのサイズをダブル以上で選択する。 | E19: 利用人数を選択する項目が表示されること | G19: Close | J19: 45834 | K19: Close
C20: 正常 | D20: オーダーメイドまくらとオーダーメイドマットレスの項目でマットレスのサイズをダブル以上で選択する。 | E20: 利用人数を選択する項目が表示されること。また、まくらの利用人数を選択する項目が表示されること | G20: Close | J20: 45834 | K20: Close
C21: 正常 | D21: 上記ケースで利用人数を2名で選択して次へ進むボタンをタップする | E21: 利用人数2人を選んだ場合、以降のフローで個人情報の入力と解析を2人分行う。1人目のフローが終わり次第、2人目の入力を基本情報入力画面から開始する。 | G21: Close | J21: 45834 | K21: Close
C22: 正常 | D22: マットレスでダブルを選択し、利用人数を1名に設定する | E22: 通常通りのフローで計測が実施されること | G22: Close | J22: 45834 | K22: Close
C23: 正常 | D23: ねむりやID・サロンIDでログインし、この画面を確認する | E23: 解析診断のみ行う項目が追加されていること | G23: Close | J23: 45834 | K23: Close
... C26: 正常 | D26: 戻るボタンをタップする | E26: トップ画面へ遷移すること | G26: Close | J26: 45834 | K26: Close

Sheet 商品選択画面②
G2: 全体テスト項目数 | H2: =COUNTA(E11:E294) -> 26
G3: 未実施数 | H3: =H2-H4 -> 0
G4: 実施数 | H4: =COUNTIF(J11:J294, "<>") -> 26 | K4: 未実施
G5: Close数 | H5: =COUNTIF(K11:K294, "Close") -> 26 | K5: 要対応
G6: 要対応数 | H6: =COUNTIF(K11:K294, "要対応") -> 0 | K6: Close
G7: 再実施数 | H7: =COUNTIF(J15:J294, "再実施") -> 0
G8: 実施率 | H8: =H4/H2 -> 1
G9: Close率 | H9: =H5/H2 -> 1
A10: ユーザー | B10: 対象画面 | C10: 正常or異常 | D10: 確認する品質 | E10: 期待する結果 | G10: 又来_iPhone12mini | J10: 実行日 | K10: ステータス | L10: issue id
B11: 商品選択画面② | C11: 正常 | D11: 商品選択画面①でオーダーメイドまくらを選択した状態で 表示される画面のUIを確認する | E11: レイアウト通りにパーツが表示されていること | G11: Close | J11: 45834 | K11: Close
C12: 正常 | D12: 商品選択画面①でオーダーメイドマットレスを選択した状態で 表示される画面のUIを確認する | E12: レイアウト通りにパーツが表示されていること | G12: Close | J12: 45834 | K12: Close
C13: 正常 | D13: 商品選択画面①でまくらとマットレス両方購入を選択した状態で 表示される画面のUIを確認する | E13: レイアウト通りにパーツが表示されていること | G13: Close | J13: 45834 | K13: Close
C14: 正常 | D14: 画面上部の進捗度を確認する | E14: 1/6の進捗度になっていること | G14: Close | J14: 45834 | K14: Close
C15: 正常 | D15: 戻るボタンをタップする | E15: 商品選択画面①に遷移すること | G15: Close | J15: 45834 | K15: Close
B16: 商品選択画面①でオーダーメイドまくらを選択した状態 | C16: 正常 | D16: カラーごとに表示されている個数の箇所を変更する | E16: 0-5個の範囲で選択できること | G16: Close | J16: 45834 | K16: Close
C17: 正常 | D17: 上記ケースの続き 任意のカラーを1個選択した状態で他のカラーを1個選択する | E17: 選んだ個数が反映されていること | G17: Close | J17: 45834 | K17: Close
C18: 正常 | D18: 選択したカバーの個数を0にして、「次に進む」ボタンをタップする | E18: ボタンが非活性状態で反応しないこと | G18: Close | J18: 45834 | K18: Close
C19: 正常 | D19: 選択したカバーの個数を1にして、「次に進む」ボタンをタップする | E19: ボタンが活性状態でタップできること。タップした後、基本情報画面へ遷移すること。 | G19: Close | J19: 45834 | K19: Close
C20: 正常 | D20: 選択したカバーの個数を0にして、「カバーを選ばずに進む」ボタンをタップする | E20: 基本情報画面へ遷移すること。 | G20: Close | J20: 45834 | K20: Close
C21: 正常 | D21: 選択したカバーの個数を1にして、「カバーを選ばずに進む」ボタンをタップする | E21: 基本情報画面へ遷移すること。(この場合、カバーは選択したことになっていないこと) | G21: Close | J21: 45834 | K21: Close
B22: 商品選択画面②でオーダーメイドマットレスを選択した状態 | C22: 正常 | D22: カラーごとに表示されている箇所をタップする | E22: 任意のカラーが選択できること(ラジオボタン形式) | G22: Close | J22: 45834 | K22: Close
C23: 正常 | D23: 任意のカラーを選択して「次に進む」ボタンをタップする | E23: ボタンが活性状態でタップできること。タップした後、基本情報画面へ遷移すること。 | G23: Close | J23: 45834 | K23: Close
C24: 正常 | D24: カラーを選択しない、もしくは任意のカラーを選択した状態で「カバーを選ばずに進む」ボタンをタップする | E24: 基本情報画面へ遷移すること。(この場合、カバーは選択したことになっていないこと) | G24: Close | J24: 45834 | K24: Close
B25: 商品選択画面②でオーダーメイドまくら・オーダーメイドマットレス両方を購入するを選択した状態 まくらの購入が１個の場合 | C25: 正常 | D25: オーダーまくら専用カバーの項目で必要を選択する | E25: まくらのカバーを選択する項目が表示されること | G25: Close | J25: 45834 | K25: Close
C26: 正常 | D26: オーダーまくら専用カバーの項目で不要を選択する | E26: まくらのカバーを選択する項目が表示されずに、不要のボタンが選択状態になること | G26: Close | J26: 45834 | K26: Close
C27: 正常 | D27: オーダーマットレス専用カバーの項目で必要を選択する | E27: マットレスカバーを選択する項目が表示されること | G27: Close | J27: 45834 | K27: Close
C28: 正常 | D28: オーダーマットレス専用カバーの項目で不要を選択する | E28: マットレスのカバーを選択する項目が表示されずに、不要のボタンが選択状態になること | G28: Close | J28: 45834 | K28: Close
C29: 正常 | D29: まくらもしくはマットレス、必要不要について選択しない状態で次へ進むボタンを確認する | E29: 非活性状態でタップしても反応しないこと | G29: Close | J29: 45834 | K29: Close
C30: 正常 | D30: まくらもしくはマットレス、どちらかを必要に選択を行い、カバーを選択しない状態で次へ進むボタンを確認する | E30: 非活性状態でタップしても反応しないこと | G30: Close | J30: 45834 | K30: Close
C31: 正常 | D31: まくらもしくはマットレス、どちらかを必要に選択を行い、カバーを選択した状態で次へ進むボタンを確認する | E31: 活性状態になりタップできること。 タップ後基本情報入力画面へ遷移すること。 | G31: Close | J31: 45834 | K31: Close
C32: 正常 | D32: 必要・不要ボタンを同時タップする | E32: 両方とも選択状態にならないこと | G32: Close | J32: 45834 | K32: Close
C33: 正常 | D33: カラーの選択項目を同時タップする | E33: 複数選択状態にならないこと | G33: Close | J33: 45834 | K33: Close
B34: 商品選択画面②でオーダーメイドまくら・オーダーメイドマットレス両方を購入するを選択した状態 まくらの購入が２個の場合 | C34: 正常 | D34: カラーごとに表示されている個数の箇所を変更する | E34: 0-5個の範囲で選択できること | G34: Close | J34: 45834 | K34: Close
C35: 正常 | D35: 上記ケースの続き 任意のカラーを1個選択した状態で他のカラーを1個選択する | E35: 選んだカラーの個数がそれぞれ1個になること | G35: Close | J35: 45834 | K35: Close
C36: 正常 | D36: 上記ケースの続き 任意のカラーを1個選択した状態で他のカラーを2個選択する | E36: 選んだ個数が反映されていること | G36: Close | J36: 45834 | K36: Close

Sheet 基本情報入力画面
G2: 全体テスト項目数 | H2: =COUNTA(E11:E296) -> 27
G3: 未実施数 | H3: =H2-H4 -> 0
G4: 実施数 | H4: =COUNTIF(J11:J296, "<>") -> 27 | K4: 未実施
G5: Close数 | H5: =COUNTIF(K11:K296, "Close") -> 27 | K5: 要対応
G6: 要対応数 | H6: =COUNTIF(K11:K296, "要対応") -> 0 | K6: Close
G7: 再実施数 | H7: =COUNTIF(J18:J296, "再実施") -> 0
G8: 実施率 | H8: =H4/H2 -> 1
G9: Close率 | H9: =H5/H2 -> 1
A10: ユーザー | B10: 対象画面 | C10: 正常or異常 | D10: 確認する品質 | E10: 期待する結果 | G10: 又来_iPhone12mini | J10: 実行日 | K10: ステータス | L10: issue id
B11: 基本情報入力画面 | C11: 正常 | D11: 表示される画面のUIを確認する | E11: レイアウト通りにパーツが表示されていること | G11: Close | J11: 45834 | K11: Close
C12: 正常 | D12: 画面上部の進捗度を確認する | E12: 2/6の進捗度になっていること | G12: Close | J12: 45834 | K12: Close
C13: 正常 | D13: 戻るボタンをタップする | E13: 商品選択画面②へ遷移すること | G13: Close | J13: 45834 | K13: Close
B14: 1名計測時 | C14: 正常 | D14: 次に進むボタンを確認する | E14: ボタンが非活性でタップできないこと | G14: Close | J14: 45834 | K14: Close
C15: 正常 | D15: 性別の選択をタップする | E15: 性別がどちらか選択できること | G15: Close | J15: 45834 | K15: Close
C16: 異常 | D16: 性別の選択を同時タップする | E16: 両方とも選択状態にならないこと | G16: Close | J16: 45834 | K16: Close
C17: 正常 | D17: 身長のフォームをタップする | E17: 身長を選択するドラムロールが表示されること | G17: Close | J17: 45834 | K17: Close
C18: 正常 | D18: 上記の続き ドラムロールを操作し、任意の身長を設定する | E18: 身長がフォームに反映されること | G18: Close | J18: 45834 | K18: Close
C19: 正常 | D19: 上記の続き ドラムロール右上に表示されている決定ボタンをタップする | E19: ドラムロールが閉じること | G19: Close | J19: 45834 | K19: Close
C20: 正常 | D20: 体重のフォームをタップする | E20: 体重を選択するドラムロールが表示されること | G20: Close | J20: 45834 | K20: Close
C21: 正常 | D21: 上記の続き ドラムロールを操作し、任意の体重を設定する | E21: 体重がフォームに反映されること | G21: Close | J21: 45834 | K21: Close
C22: 正常 | D22: 上記の続き ドラムロール右上に表示されている決定ボタンをタップする | E22: ドラムロールが閉じること | G22: Close | J22: 45834 | K22: Close
C23: 正常 | D23: 生年月日のフォームをタップする | E23: 生年月日を選択するドラムロールが表示されること | G23: Close | J23: 45834 | K23: Close
C24: 正常 | D24: 上記の続き ドラムロールを操作し、任意の生年月日を選択し決定ボタンをタップする | E24: ドラムロールが閉じ、生年月日が反映されること | G24: Close | J24: 45834 | K24: Close
C25: 正常 | D25: ・性別 ・身長 ・体重 ・生年月日 上記項目が選択された状態で 次に進むボタンを確認する | E25: ボタンが活性状態でタップできること、個人情報入力画面へ遷移すること | G25: Close | J25: 45834 | K25: Close
C26: 異常 | D26: 身長を190cm以上に設定して次に進むボタンをタップする | E26: 「マットレスのサイズがないため、LINEで直接お問い合わせください」というアラートが表示されること | G26: Close | J26: 45834 | K26: Close
B27: 2名計測時(1人目) | C27: 正常 | D27: レイアウトを確認する | E27: 「解析データ1人目の方」とラベルが表示されること。左右を選択するラジオボタンが表示されること。 | G27: Close | J27: 45834 | K27: Close
D28: 次に進むボタンを確認する | E28: ボタンが非活性でタップできないこと | G28: Close | J28: 45834 | K28: Close
C29: 正常 | D29: 左側、右側のボタンをタップする | E29: 左右どちらか選択できること | G29: Close | J29: 45834 | K29: Close
C30: 正常 | D30: 左側、右側のボタンを同時タップする | E30: 両方とも選択状態にならないこと | G30: Close | J30: 45834 | K30: Close
C31: 正常 | D31: 各フォームタップし入力を行う | E31: 問題なく入力ができること | G31: Close | J31: 45834 | K31: Close
C32: 正常 | D32: ・左右 ・性別 ・身長 ・体重 ・生年月日 上記項目が選択された状態で 次に進むボタンを確認する | E32: ボタンが活性状態でタップできること、個人情報入力画面へ遷移すること | G32: Close | J32: 45834 | K32: Close
B33: 2名計測時(2人目) | C33: 正常 | D33: レイアウトを確認する | E33: 「解析データ2人目の方」とラベルが表示されること。左右を選択するラジオボタンが表示されること。 | G33: Close | J33: 45834 | K33: Close
C34: 正常 | D34: 次に進むボタンを確認する | E34: ボタンが非活性でタップできないこと | G34: Close | J34: 45834 | K34: Close
C35: 正常 | D35: 左側、右側のボタンを確認する | E35: 1人目に選択した逆側が最初から選択状態になっており、ボタンをタップしても反応がないこと | G35: Close | J35: 45834 | K35: Close
C36: 正常 | D36: 各フォームタップし入力を行う | E36: 問題なく入力ができること | G36: Close | J36: 45834 | K36: Close
C37: 正常 | D37: ・左右 ・性別 ・身長 ・体重 ・生年月日 上記項目が選択された状態で 次に進むボタンを確認する | E37: ボタンが活性状態でタップできること、個人情報入力画面へ遷移すること | G37: Close | J37: 45834 | K37: Close

Sheet 個人情報入力画面
G2: 全体テスト項目数 | H2: =COUNTA(E11:E291) -> 20
G3: 未実施数 | H3: =H2-H4 -> 0
G4: 実施数 | H4: =COUNTIF(J11:J291, "<>") -> 20 | K4: 未実施
G5: Close数 | H5: =COUNTIF(K11:K291, "Close") -> 20 | K5: 要対応
G6: 要対応数 | H6: =COUNTIF(K11:K291, "要対応") -> 0 | K6: Close
G7: 再実施数 | H7: =COUNTIF(J15:J291, "再実施") -> 0
G8: 実施率 | H8: =H4/H2 -> 1
G9: Close率 | H9: =H5/H2 -> 1
A10: ユーザー | B10: 対象画面 | C10: 正常or異常 | D10: 確認する品質 | E10: 期待する結果 | G10: 又来_iPhone12mini | J10: 実行日 | K10: ステータス | L10: issue id
B11: 個人情報入力画面 | C11: 正常 | D11: 表示される画面のUIを確認する | E11: レイアウト通りにパーツが表示されていること | G11: Close | J11: 45834 | K11: Close
C12: 正常 | D12: 画面上部の進捗度を確認する | E12: 2/6の進捗度になっていること | G12: Close | J12: 45834 | K12: Close
C13: 正常 | D13: お名前(漢字)のフォームを入力する | E13: 任意の文字列10文字まで入力できること | G13: Close | J13: 45834 | K13: Close
C14: 正常 | D14: お名前(カタカナ)のフォームを入力する | E14: 任意の文字列15文字まで入力できること | G14: Close | J14: 45834 | K14: Close
C15: 正常 | D15: 電話番号フォームを入力する | E15: 任意の数字11文字まで入力できること | G15: Close | J15: 45834 | K15: Close
C16: 正常 | D16: メールアドレスフォームを入力する | E16: 任意の文字列が入力できること(入力制限は特にない) | G16: Close | J16: 45834 | K16: Close
C17: 正常 | D17: 郵便番号入力フォームを入力する | E17: 任意の数字7文字まで入力できること | G17: Close | J17: 45834 | K17: Close
C18: 正常 | D18: 住所入力フォームを入力する | E18: 任意の文字列が入力できること(入力制限は特にない) | G18: Close | J18: 45834 | K18: Close
C19: 正常 | D19: 建物名入力フォームを入力する | E19: 任意の文字列が入力できること(入力制限は特にない) | G19: Close | J19: 45834 | K19: Close
C20: 異常 | D20: お名前(漢字)のフォームで数字などを入力する | E20: 「正しい[項目]内容を入力してください」とエラーが表示されること | G20: Close | J20: 45834 | K20: Close
C21: 異常 | D21: お名前(カタカナ)のフォームで数字や記号を入力する | E21: 「正しい[項目]内容を入力してください」とエラーが表示されること | G21: Close | J21: 45834 | K21: Close
C22: 異常 | D22: フォームを空の状態で次へ進むボタンをタップする | E22: 「正しい[項目]内容を入力してください」とエラーが表示されること | G22: Close | J22: 45834 | K22: Close
C23: 異常 | D23: 電話番号フォームで数値以外のフォームを入力する | E23: 「正しい[項目]内容を入力してください」とエラーが表示されること | G23: Close | J23: 45834 | K23: Close
... C28: 正常 | D28: 戻るボタンをタップする | E28: 基本情報入力画面へ遷移すること | G28: Close | J28: 45834 | K28: Close
B29: 2名計測時(2人目) | C29: 正常 | D29: 表示されているフォームの内容を確認する | E29: お名前(漢字)、お名前(カタカナ)、電話番号のフォームのみ表示されていること | G29: Close | J29: 45834 | K29: Close
B30: 解析診断のみを行う場合 | C30: 正常 | D30: 電話番号、メールアドレス、郵便番号、住所入力、建物のフォームを空の状態で次へ進むをタップする | E30: 空の状態でもエラーが表示されないこと | G30: Close | J30: 45834 | K30: Close

Sheet ヒアリング12画面
G2: 全体テスト項目数 | H2: =COUNTA(E11:E292) -> 8
G3: 未実施数 | H3: =H2-H4 -> 0
G4: 実施数 | H4: =COUNTIF(J11:J292, "<>") -> 8 | K4: 未実施
G5: Close数 | H5: =COUNTIF(K11:K292, "Close") -> 8 | K5: 要対応
G6: 要対応数 | H6: =COUNTIF(K11:K292, "要対応") -> 0 | K6: Close
G7: 再実施数 | H7: =COUNTIF(J15:J292, "再実施") -> 0
G8: 実施率 | H8: =H4/H2 -> 1
G9: Close率 | H9: =H5/H2 -> 1
A10: ユーザー | B10: 対象画面 | C10: 正常or異常 | D10: 確認する品質 | E10: 期待する結果 | G10: 又来_iPhone12mini | J10: 実行日 | K10: ステータス | L10: issue id
B11: ヒアリング1/2画面 | C11: 正常 | D11: 表示される画面のUIを確認する | E11: レイアウト通りにパーツが表示されていること | G11: Close | J11: 45834 | K11: Close
C12: 正常 | D12: 画面上部の進捗度を確認する | E12: 3/6の進捗度になっていること | G12: Close | J12: 45834 | K12: Close
C13: 正常 | D13: 表示されている質問項目を確認する | E13: 質問項目と選択肢が正しいこと スクロールでの選択形式の場合、ドラムロールが表示されること よく寝る姿勢：仰向け/横向き（右）/横向き（左）/うつ伏せ※/決まっていない よく眠れていますか？（5択）：よく眠れている〜全く眠れていない 布団に入る時間：スクロールでの選択形式（不規則を項目入れる） 起きる時間：スクロールでの選択形式（不規則を項目入れる） 寝入りまでの時間：15分以内/30分以内/1時間以内/1時間以上 平均睡眠時間（平日）：4時間未満/4時間/5時間/6時間/7時間/8時間/9時間/10時間以上 途中で起きますか？：ほとんど起きない/1回くらい起きる/2回くらい起きる/3回くらい起きる/3回以上起きる 夜中にトイレに行く：ほとんど行かない/1回くらい行く/2回くらい行く/3回以上行く 昼間に眠気を感じることがある（5択）：よくある〜たまにある〜ほとんどない 頭痛（5択）：よくある〜たまにある〜ほとんどない 首が痛いことがある（5択）：よくある〜たまにある〜ほとんどない 首のどちらが痛いですか？：左右・右・左 ＊11であると答えた人のみ 肩が痛いことがある※（5択）：よくある〜たまにある〜ほとんどない 肩のどちらが痛いですか？：左右・右・左 ＊13であると答えた人のみ 腰が痛いことがある※ （5択）：よくある〜たまにある〜ほとんどない 腰のどちらが痛いですか？：左右・右・左 ＊15であると答えた人のみ 冷え性がある（5択）：ほとんどない〜たまにある〜よくある いびきがある※※：よくある/たまにある/ほとんどない/ない/わからない 睡眠薬について：よく使う/たまに使う/使わない 反り腰がある※※：ある/少しある/ない/わからない 猫背がある：ある/少しある/ない/わからない 現在の寝方：ベッド/ふとん 現在使用のマットレスの柔らかさ※※：かなり柔らかい/柔らかい/普通/硬め/かなり硬め 好みのマットレスの柔らかさ※：かなり柔らかい/柔らかい/普通/硬め/かなり硬め 現在のまくらの使用年数：1年未満/5年未満/10年未満/10年以上/15年以上/使っていない 現在のマットレスの使用年数：1年未満/5年未満/10年未満/10年以上/15年以上/使っていない 好みのまくらの高さ※※：高め/普通/低め 首元はしっかり支えたい※※：支えたい/支えたくない/こだわらない | G13: Close | J13: 45834 | K13: Close
C14: 正常 | D14: 質問に回答しながら 次に進むボタンを確認する | E14: 回答状況の数に応じて進捗度が反映されること | G14: Close | J14: 45834 | K14: Close
C15: 正常 | D15: 全ての質問に回答した状態で次に進むボタンをタップする | E15: ヒアリング2/2画面に遷移すること | G15: Close | J15: 45834 | K15: Close
C16: 正常 | D16: 任意の質問項目を同時タップする | E16: 複数選択状態にならないこと | G16: Close | J16: 45834 | K16: Close
C17: 正常 | D17: 戻るボタンをタップする | E17: 個人情報入力画面へ遷移すること | G17: Close | J17: 45834 | K17: Close
B18: 2名計測時(2人目) | C18: 正常 | D18: ヒアリングの項目を確認する | E18: 項目がリセットされていること | G18: Close | J18: 45834 | K18: Close

Sheet ヒアリング22画面
G2: 全体テスト項目数 | H2: =COUNTA(E11:E295) -> 13
G3: 未実施数 | H3: =H2-H4 -> 0
G4: 実施数 | H4: =COUNTIF(J11:J295, "<>") -> 13 | K4: 未実施
G5: Close数 | H5: =COUNTIF(K11:K295, "Close") -> 13 | K5: 要対応
G6: 要対応数 | H6: =COUNTIF(K11:K295, "要対応") -> 0 | K6: Close
G7: 再実施数 | H7: =COUNTIF(J18:J295, "再実施") -> 0
G8: 実施率 | H8: =H4/H2 -> 1
G9: Close率 | H9: =H5/H2 -> 1
A10: ユーザー | B10: 対象画面 | C10: 正常or異常 | D10: 確認する品質 | E10: 期待する結果 | G10: 又来_iPhone12mini | J10: 実行日 | K10: ステータス | L10: issue id
B11: ヒアリング2/2画面 | C11: 正常 | D11: 表示される画面のUIを確認する | E11: レイアウト通りにパーツが表示されていること | G11: Close | J11: 45834 | K11: Close
C12: 正常 | D12: 画面上部の進捗度を確認する | E12: 3/6の進捗度になっていること | G12: Close | J12: 45834 | K12: Close
C13: 正常 | D13: 戻るボタンをタップする | E13: ヒアリング1/2画面へ遷移すること | G13: Close | J13: 45834 | K13: Close
C14: 正常 | D14: 素材が表示されている画像の部分をタップする | E14: 素材の説明が表示されること | G14: Close | J14: 45834 | K14: Close
C15: 正常 | D15: ソフトパイプの素材の説明を確認する | E15: 通気性もよく、ムレ感も軽減し優しいフィット感があります。程よい柔らかさが欲しい方におすすめ。柔らかい～普通。※洗えて衛生的 と表示されていること | G15: Close | J15: 45834 | K15: Close
C16: 正常 | D16: 備長炭まくらの素材の説明を確認する | E16: パイプに備長炭を練り込むことで、消臭効果やしっかりとした安定感があります。少し硬めで男性の方に人気があります。※洗えて衛生的 と表示されていること | G16: Close | J16: 45834 | K16: Close
C17: 正常 | D17: エラストマーパイプまくらの素材の説明を確認する | E17: もちっとした触り心地で弾力性がありしっかりした安定感があります。反発力がありソフトパイプに比べると少し硬めに感じられます。また、ヘタリにくく高さが変わりにくいのも特徴です。※洗えて衛生的 と表示されていること | G17: Close | J17: 45834 | K17: Close
C18: 正常 | D18: 上記ケースの続き 表示されているメッセージ以外の空白の部分をタップする | E18: メッセージが閉じること | G18: Close | J18: 45834 | K18: Close
C19: 正常 | D19: 素材の選択肢のチェックマークをタップする | E19: 選択した項目のチェックマークが活性化すること | G19: Close | J19: 45834 | K19: Close
C20: 正常 | D20: 素材のチェックマークを同時タップする | E20: 複数選択状態にならないこと | G20: Close | J20: 45834 | K20: Close
C21: 正常 | D21: 自由記述フォームを入力する | E21: 絵文字以外入力できること | G21: Close | J21: 45834 | K21: Close
C22: 正常 | D22: 自由記述フォームを200文字より多く入力する (文字列チェッカーなどで文章をコピーして入力してみる) | E22: 「200字以内で入力してください。」とエラーが表示されること | G22: Close | J22: 45834 | K22: Close
B23: 2名計測時(2人目) | C23: 正常 | D23: ヒアリングの項目を確認する | E23: 項目がリセットされていること | G23: Close | J23: 45834 | K23: Close

Sheet 計測方法選択画面
G2: 全体テスト項目数 | H2: =COUNTA(E11:E293) -> 8
G3: 未実施数 | H3: =H2-H4 -> 0
G4: 実施数 | H4: =COUNTIF(J11:J293, "<>") -> 8 | K4: 未実施
G5: Close数 | H5: =COUNTIF(K11:K293, "Close") -> 8 | K5: 要対応
G6: 要対応数 | H6: =COUNTIF(K11:K293, "要対応") -> 0 | K6: Close
G7: 再実施数 | H7: =COUNTIF(J16:J293, "再実施") -> 0
G8: 実施率 | H8: =H4/H2 -> 1
G9: Close率 | H9: =H5/H2 -> 1
A10: ユーザー | B10: 対象画面 | C10: 正常or異常 | D10: 確認する品質 | E10: 期待する結果 | G10: 又来_iPhone12mini | J10: 実行日 | K10: ステータス | L10: issue id
B11: 計測方法選択画面 | C11: 正常 | D11: 表示される画面のUIを確認する | E11: レイアウト通りにパーツが表示されていること | G11: Close | J11: 45834 | K11: Close
C12: 正常 | D12: 画面上部の進捗度を確認する | E12: 3/6の進捗度になっていること | G12: Close | J12: 45834 | K12: Close
C13: 正常 | D13: 戻るボタンをタップする | E13: ヒアリング2/2画面へ遷移すること | G13: Close | J13: 45834 | K13: Close
D14: 計測方法が選択されていない状態で次に進むボタンを確認する | E14: ボタンが非活性であること | G14: Close | J14: 45834 | K14: Close
C15: 正常 | D15: 計測方法のボタンをタップする | E15: どちらか選択できること(ラジオボタン） | G15: Close | J15: 45834 | K15: Close
C16: 異常 | D16: 計測方法のボタンを同時タップする | E16: 両方とも選択状態にならないこと | G16: Close | J16: 45834 | K16: Close
C17: 正常 | D17: 計測方法が選択された状態で次に進むボタンを確認する | E17: ボタンが有効化していること | G17: Close | J17: 45834 | K17: Close
C18: 正常 | D18: 次に進むボタンをタップする | E18: 計測チュートリアル画面に遷移すること。(選択した計測方法により解析時のフローが異なる) | G18: Close | J18: 45834 | K18: Close

Sheet 計測チュートリアル画面
G2: 全体テスト項目数 | H2: =COUNTA(E11:E291) -> 6
G3: 未実施数 | H3: =H2-H4 -> 0
G4: 実施数 | H4: =COUNTIF(J11:J291, "<>") -> 6 | K4: 未実施
G5: Close数 | H5: =COUNTIF(K11:K291, "Close") -> 6 | K5: 要対応
G6: 要対応数 | H6: =COUNTIF(K11:K291, "要対応") -> 0 | K6: Close
G7: 再実施数 | H7: =COUNTIF(J15:J291, "再実施") -> 0
G8: 実施率 | H8: =H4/H2 -> 1
G9: Close率 | H9: =H5/H2 -> 1
A10: ユーザー | B10: 対象画面 | C10: 正常or異常 | D10: 確認する品質 | E10: 期待する結果 | G10: 又来_iPhone12mini | J10: 実行日 | K10: ステータス | L10: issue id
B11: 計測チュートリアル画面 | C11: 正常 | D11: 表示される画面のUIを確認する | E11: レイアウト通りにパーツが表示されていること | G11: Close | J11: 45834 | K11: Close
C12: 正常 | D12: 画面上部の進捗度を確認する | E12: 4/6の進捗度になっていること | G12: Close | J12: 45834 | K12: Close
C13: 正常 | D13: 戻るボタンをタップする | E13: 計測方法選択画面へ遷移すること | G13: Close | J13: 45834 | K13: Close
C14: 正常 | D14: 動画を確認する | E14: 動画が自動再生されること | G14: Close | J14: 45834 | K14: Close
C15: 正常 | D15: 次に進むボタンをタップする | E15: 計測案内画面に遷移すること | G15: Close | J15: 45834 | K15: Close
C16: 異常 | D16: 次に進むボタンをタップし、次の画面で戻るを繰り返す | E16: 動画が自動再生されること | G16: Close | J16: 45834 | K16: Close

Sheet 計測案内画面
G2: 全体テスト項目数 | H2: =COUNTA(E11:E292) -> 3
G3: 未実施数 | H3: =H2-H4 -> 0
G4: 実施数 | H4: =COUNTIF(J11:J292, "<>") -> 3 | K4: 未実施
G5: Close数 | H5: =COUNTIF(K11:K292, "Close") -> 3 | K5: 要対応
G6: 要対応数 | H6: =COUNTIF(K11:K292, "要対応") -> 0 | K6: Close
G7: 再実施数 | H7: =COUNTIF(J15:J292, "再実施") -> 0
G8: 実施率 | H8: =H4/H2 -> 1
G9: Close率 | H9: =H5/H2 -> 1
A10: ユーザー | B10: 対象画面 | C10: 正常or異常 | D10: 確認する品質 | E10: 期待する結果 | G10: 又来_iPhone12mini | J10: 実行日 | K10: ステータス | L10: issue id
B11: 計測案内画面 | C11: 正常 | D11: 表示される画面のUIを確認する | E11: レイアウト通りにパーツが表示されていること | G11: Close | J11: 45834 | K11: Close
C12: 正常 | D12: 画面上部の進捗度を確認する | E12: 4/6の進捗度になっていること | G12: Close | J12: 45834 | K12: Close
C13: 正常 | D13: 戻るボタンをタップする | E13: 計測チュートリアル画面へ遷移すること | G13: Close | J13: 45834 | K13: Close

Sheet ジャイロ調整画面
G2: 全体テスト項目数 | H2: =COUNTA(E11:E292) -> 4
G3: 未実施数 | H3: =H2-H4 -> 0
G4: 実施数 | H4: =COUNTIF(J11:J292, "<>") -> 4 | K4: 未実施
G5: Close数 | H5: =COUNTIF(K11:K292, "Close") -> 4 | K5: 要対応
G6: 要対応数 | H6: =COUNTIF(K11:K292, "要対応") -> 0 | K6: Close
G7: 再実施数 | H7: =COUNTIF(J15:J292, "再実施") -> 0
G8: 実施率 | H8: =H4/H2 -> 1
G9: Close率 | H9: =H5/H2 -> 1
A10: ユーザー | B10: 対象画面 | C10: 正常or異常 | D10: 確認する品質 | E10: 期待する結果 | G10: 又来_iPhone12mini | J10: 実行日 | K10: ステータス | L10: issue id
B11: ジャイロ調整画面 | C11: 正常 | D11: 表示される画面のUIを確認する | E11: レイアウト通りにパーツが表示されていること | G11: Close | J11: 45834 | K11: Close
C12: 正常 | D12: 戻るボタンをタップする | E12: 計測案内画面へ遷移すること | G12: Close | J12: 45834 | K12: Close
C13: 正常 | D13: デバイスを傾けてジャイロセンサーのUIを確認する | E13: デバイスを垂直にするほど座標が原点に近づくこと | G13: Close | J13: 45834 | K13: Close
C14: 正常 | D14: 確認して次へボタンをタップする | E14: 計測画面（正面）に遷移する | G14: Close | J14: 45834 | K14: Close

Sheet 計測画面（正面）
G2: 全体テスト項目数 | H2: =COUNTA(E11:E293) -> 6
G3: 未実施数 | H3: =H2-H4 -> 0
G4: 実施数 | H4: =COUNTIF(J11:J293, "<>") -> 6 | K4: 未実施
G5: Close数 | H5: =COUNTIF(K11:K293, "Close") -> 6 | K5: 要対応
G6: 要対応数 | H6: =COUNTIF(K11:K293, "要対応") -> 0 | K6: Close
G7: 再実施数 | H7: =COUNTIF(J16:J293, "再実施") -> 0
G8: 実施率 | H8: =H4/H2 -> 1
G9: Close率 | H9: =H5/H2 -> 1
A10: ユーザー | B10: 対象画面 | C10: 正常or異常 | D10: 確認する品質 | E10: 期待する結果 | G10: 又来_iPhone12mini | J10: 実行日 | K10: ステータス | L10: issue id
B11: 計測画面（正面） | C11: 正常 | D11: 表示される画面のUIを確認する | E11: レイアウト通りにパーツが表示されていること | G11: Close | J11: 45834 | K11: Close
C12: 正常 | D12: 戻るボタンをタップする | E12: 計測チュートリアル画面へ遷移すること | G12: Close | J12: 45834 | K12: Close
C13: 正常 | D13: デバイスを傾けてジャイロセンサーのUIを確認する | E13: デバイスを垂直にするほど座標が原点に近づくこと | G13: Close | J13: 45834 | K13: Close
B14: 計測方法選択画面にて「自分で撮影」を選択の場合 | C14: 正常 | D14: 撮影ボタンをタップする | E14: セルフタイマー10秒で撮影し、計測画面（横）に遷移すること | G14: Close | J14: 45834 | K14: Close
C15: 正常 | D15: セルフタイマー起動中にキャンセルボタンをタップする | E15: セルフタイマーが中断すること | G15: Close | J15: 45834 | K15: Close
B16: 計測方法選択画面にて「誰かに撮影」を選択の場合 | C16: 正常 | D16: 撮影ボタンをタップする | E16: 撮影を行い、計測画面（横）に遷移すること | G16: Close | J16: 45834 | K16: Close

Sheet 計測画面（横）
G2: 全体テスト項目数 | H2: =COUNTA(E11:E292) -> 6
G3: 未実施数 | H3: =H2-H4 -> 0
G4: 実施数 | H4: =COUNTIF(J11:J292, "<>") -> 6 | K4: 未実施
G5: Close数 | H5: =COUNTIF(K11:K292, "Close") -> 6 | K5: 要対応
G6: 要対応数 | H6: =COUNTIF(K11:K292, "要対応") -> 0 | K6: Close
G7: 再実施数 | H7: =COUNTIF(J15:J292, "再実施") -> 0
G8: 実施率 | H8: =H4/H2 -> 1
G9: Close率 | H9: =H5/H2 -> 1
A10: ユーザー | B10: 対象画面 | C10: 正常or異常 | D10: 確認する品質 | E10: 期待する結果 | G10: 又来_iPhone12mini | J10: 実行日 | K10: ステータス | L10: issue id
B11: 計測画面（横） | C11: 正常 | D11: 表示される画面のUIを確認する | E11: レイアウト通りにパーツが表示されていること | G11: Close | J11: 45834 | K11: Close
C12: 正常 | D12: 戻るボタンをタップする | E12: 計測画面（正面）へ遷移すること | G12: Close | J12: 45834 | K12: Close
C13: 正常 | D13: デバイスを傾けてジャイロセンサーのUIを確認する | E13: デバイスを垂直にするほど座標が原点に近づくこと | G13: Close | J13: 45834 | K13: Close
B14: 計測方法選択画面にて「自分で撮影」を選択の場合 | C14: 正常 | D14: 撮影ボタンをタップする | E14: セルフタイマー10秒で撮影し、計測画面（ポジション調整）に遷移すること | G14: Close | J14: 45834 | K14: Close
C15: 正常 | D15: セルフタイマー起動中にキャンセルボタンをタップする | E15: セルフタイマーが中断すること | G15: Close | J15: 45834 | K15: Close
B16: 計測方法選択画面にて「誰かに撮影」を選択の場合 | C16: 正常 | D16: 撮影ボタンをタップする | E16: 撮影を行い、計測画面（ポジション調整）に遷移すること | G16: Close | J16: 45834 | K16: Close

Sheet 計測画面（ポジション調整）
G2: 全体テスト項目数 | H2: =COUNTA(E11:E293) -> 14
G3: 未実施数 | H3: =H2-H4 -> 0
G4: 実施数 | H4: =COUNTIF(J11:J293, "<>") -> 14 | K4: 未実施
G5: Close数 | H5: =COUNTIF(K11:K293, "Close") -> 14 | K5: 要対応
G6: 要対応数 | H6: =COUNTIF(K11:K293, "要対応") -> 0 | K6: Close
G7: 再実施数 | H7: =COUNTIF(J16:J293, "再実施") -> 0
G8: 実施率 | H8: =H4/H2 -> 1
G9: Close率 | H9: =H5/H2 -> 1
A10: ユーザー | B10: 対象画面 | C10: 正常or異常 | D10: 確認する品質 | E10: 期待する結果 | G10: 又来_iPhone12mini | J10: 実行日 | K10: ステータス | L10: issue id
B11: 計測画面（ポジション調整） | C11: 正常 | D11: 表示される画面のUIを確認する | E11: レイアウト通りにパーツが表示されていること | G11: Close | J11: 45834 | K11: Close
C12: 正常 | D12: 戻るボタンをタップする | E12: 計測画面（横）へ遷移すること | G12: Close | J12: 45834 | K12: Close
C13: 正常 | D13: 画面中央に表示されている画像を確認する | E13: 計測画面（横）で撮影した画像が拡大表示されていること | G13: Close | J13: 45834 | K13: Close
B14: 後頭部フロー | C14: 正常 | D14: 画面上部のテキストを確認する | E14: 「後頭部のポイントを調整します」と表示されていること | G14: Close | J14: 45834 | K14: Close
C15: 正常 | D15: 画面に表示されている矢印を操作する | E15: 移動させた位置に矢印が追従すること | G15: Close | J15: 45834 | K15: Close
C16: 正常 | D16: この位置に決定ボタンをタップすること | E16: 次のフロー(首のポイント)へ進むこと | G16: Close | J16: 45834 | K16: Close
B17: 首フロー | C17: 正常 | D17: 画面上部のテキストを確認する | E17: 「首のポイントを調整します」と表示されていること | G17: Close | J17: 45834 | K17: Close
C18: 正常 | D18: 画面に表示されている矢印を操作する | E18: 移動させた位置に矢印が追従すること | G18: Close | J18: 45834 | K18: Close
C19: 正常 | D19: この位置に決定ボタンをタップすること | E19: 次のフロー(首の付け根のポイント)へ進むこと | G19: Close | J19: 45834 | K19: Close
B20: 首の付け根フロー | C20: 正常 | D20: 画面上部のテキストを確認する | E20: 「首の付け根のポイントを調整します」と表示されていること | G20: Close | J20: 45834 | K20: Close
C21: 正常 | D21: 画面に表示されている矢印を操作する | E21: 移動させた位置に矢印が追従すること | G21: Close | J21: 45834 | K21: Close
C22: 正常 | D22: この位置に決定ボタンをタップすること | E22: 解析中のローディングが表示されていること | G22: Close | J22: 45834 | K22: Close
B23: 解析中 | C23: 正常 | D23: 解析中のローディングを確認する | E23: ローディングのバーが不規則な進み具合でアニメーションし、解析結果画面へ遷移すること | G23: Close | J23: 45834 | K23: Close
C24: 正常 | D24: 姿勢推定ができないような姿勢で撮影を行ったり、ポジション調整で意図的にあり得ないポイントを指定する | E24: 解析結果で得られた値から骨格タイプが判断できなかった場合には、再度計測画面（横）に遷移すること | G24: Close | J24: 45834 | K24: Close

Sheet 計測結果画面
G2: 全体テスト項目数 | H2: =COUNTA(E11:E291) -> 11
G3: 未実施数 | H3: =H2-H4 -> 0
G4: 実施数 | H4: =COUNTIF(J11:J291, "<>") -> 11 | K4: 未実施
G5: Close数 | H5: =COUNTIF(K11:K291, "Close") -> 11 | K5: 要対応
G6: 要対応数 | H6: =COUNTIF(K11:K291, "要対応") -> 0 | K6: Close
G7: 再実施数 | H7: =COUNTIF(J14:J291, "再実施") -> 0
G8: 実施率 | H8: =H4/H2 -> 1
G9: Close率 | H9: =H5/H2 -> 1
A10: ユーザー | B10: 対象画面 | C10: 正常or異常 | D10: 確認する品質 | E10: 期待する結果 | G10: 又来_iPhone12mini | J10: 実行日 | K10: ステータス | L10: issue id
B11: 計測結果画面 | C11: 正常 | D11: 表示される画面のUIを確認する | E11: レイアウト通りにパーツが表示されていること | G11: Close | J11: 45834 | K11: Close
C12: 正常 | D12: 画面上部の進捗度を確認する | E12: 4/6の進捗度になっていること | G12: Close | J12: 45834 | K12: Close
C13: 正常 | D13: 戻るボタンをタップする | E13: 計測画面（ポジション調整）へ遷移すること | G13: Close | J13: 45834 | K13: Close
C14: 正常 | D14: 骨格タイプを確認する | E14: 計測した結果が反映されていること | G14: Close | J14: 45834 | K14: Close
C15: 正常 | D15: 骨格タイプをタップする | E15: 骨格タイプについての説明モーダルが表示されること | G15: Close | J15: 45834 | K15: Close
C16: 正常 | D16: 歪みイメージを確認する | E16: 男性と女性で画像が分かれていること。 計測した結果が表示されていること。 | G16: Close | J16: 45834 | K16: Close
C17: 正常 | D17: 計測結果の数値を確認する | E17: 計測した結果を部位ごとに数値が表記されていること | G17: Close | J17: 45834 | K17: Close
C18: 正常 | D18: 計測結果の 首の凹み、首の付け根、頭の位置 それぞれ項目をタップする | E18: 編集できること | G18: Close | J18: 45834 | K18: Close
C19: 正常 | D19: 計測結果の数値が全て入力された状態で、あなたにあった寝具を表示するボタンを確認する | E19: ボタンがタップできるようになっていること | G19: Close | J19: 45834 | K19: Close
C20: 正常 | D20: 計測結果の数値が未入力で、あなたにあった寝具を表示するボタンを確認する | E20: ボタンが非活性でタップできないこと | G20: Close | J20: 45834 | K20: Close
C21: 正常 | D21: あなたにあった寝具を表示するボタンをタップする | E21: 解析結果商品レコメンド画面に遷移すること | G21: Close | J21: 45834 | K21: Close

Sheet 解析結果商品レコメンド画面
G2: 全体テスト項目数 | H2: =COUNTA(E11:E297) -> 17
G3: 未実施数 | H3: =H2-H4 -> 0
G4: 実施数 | H4: =COUNTIF(J11:J297, "<>") -> 17 | K4: 未実施
G5: Close数 | H5: =COUNTIF(K11:K297, "Close") -> 17 | K5: 要対応
G6: 要対応数 | H6: =COUNTIF(K11:K297, "要対応") -> 0 | K6: Close
G7: 再実施数 | H7: =COUNTIF(J18:J297, "再実施") -> 0
G8: 実施率 | H8: =H4/H2 -> 1
G9: Close率 | H9: =H5/H2 -> 1
A10: ユーザー | B10: 対象画面 | C10: 正常or異常 | D10: 確認する品質 | E10: 期待する結果 | G10: 又来_iPhone12mini | J10: 実行日 | K10: ステータス | L10: issue id
B11: 解析結果商品レコメンド画面 | C11: 正常 | D11: 表示される画面のUIを確認する | E11: レイアウト通りにパーツが表示されていること | G11: Close | J11: 45834 | K11: Close
C12: 正常 | D12: 画面上部の進捗度を確認する | E12: 5/6の進捗度になっていること | G12: Close | J12: 45834 | K12: Close
C13: 正常 | D13: 戻るボタンをタップする | E13: 計測結果画面に遷移すること | G13: Close | J13: 45834 | K13: Close
C14: 正常 | D14: 購入せずにトップに戻るボタンをタップする | E14: ユーザーが購入をキャンセルするか確認のためのアラートが表示されていること | G14: Close | J14: 45834 | K14: Close
C15: 正常 | D15: 上記アラートで戻るボタンをタップする | E15: トップ画面に遷移すること | G15: Close | J15: 45834 | K15: Close
C16: 正常 | D16: 入力内容を確認するボタンをタップする | E16: 個人情報内容確認画面に遷移すること | G16: Close | J16: 45834 | K16: Close
B17: まくら購入者及びまくらとマットレス購入者のみ | C17: 正常 | D17: 表示されているおすすめの商品を確認する | E17: まくらの結果が表示されていること | G17: Close | J17: 45834 | K17: Close
C18: 正常 | D18: まくらのg数表示を確認する | E18: 計測した結果をもとにまくらのパーツごとのg数が表示されていること | G18: Close | J18: 45834 | K18: Close
C19: 正常 | D19: シートの厚み表示を確認する | E19: 1cm/2cm/1cm+2cm/2cm+2cmの4種類でまくら全体の厚みが表示されていること | G19: Close | J19: 45834 | K19: Close
C20: 正常 | D20: 差分を表示するボタンをタップする | E20: タップすると基準値からどれくらい各部位のg数に増減があるか表示されていること | G20: Close | J20: 45834 | K20: Close
C21: 正常 | D21: まくらのg数差分表示を確認する | E21: 基準値からどれくらい各部位のg数に増減があるかが表示されていること | G21: Close | J21: 45834 | K21: Close
B22: マットレス購入者及びまくらとマットレス購入者のみ表示 | C22: 正常 | D22: マットレスの硬さ表示を確認する | E22: ホワイト/ダークブルー/イエロー/グリーン/オレンジ/ブラック/ベージュ（まだら黄）/ブラウン（まだらオレンジ）の8色を解析結果によって表示がされていること | G22: Close | J22: 45834 | K22: Close
C23: 正常 | D23: マットレスサポートパットの位置を確認する | E23: 解析結果に基づいて、マットレスのどの位置に調整版を入れるかを表示する。 | G23: Close | J23: 45834 | K23: Close
B24: 2名計測時(1人目) | C24: 正常 | D24: 購入せずトップへ戻るの上に表示されているボタンを確認する | E24: ボタンのタイトルが「2人目の方のデータを解析する」になっていること | G24: Close | J24: 45834 | K24: Close
C25: 正常 | D25: 2人目の方のデータを解析するボタンをタップする | E25: 2人目の解析フローに遷移する。基本情報入力画面へ遷移すること | G25: Close | J25: 45834 | K25: Close
B26: 2名計測時(2人目) | C26: 正常 | D26: 購入せずトップへ戻るの上に表示されているボタンを確認する | E26: ボタンのタイトルが「入力内容を確認する」になっていること | G26: Close | J26: 45834 | K26: Close
C27: 正常 | D27: 入力内容を確認するボタンをタップする | E27: 個人情報内容確認画面に遷移すること | G27: Close | J27: 45834 | K27: Close

Sheet 個人情報確認画面
G2: 全体テスト項目数 | H2: =COUNTA(E11:E294) -> 9
G3: 未実施数 | H3: =H2-H4 -> 0
G4: 実施数 | H4: =COUNTIF(J11:J294, "<>") -> 9 | K4: 未実施
G5: Close数 | H5: =COUNTIF(K11:K294, "Close") -> 9 | K5: 要対応
G6: 要対応数 | H6: =COUNTIF(K11:K294, "要対応") -> 0 | K6: Close
G7: 再実施数 | H7: =COUNTIF(J17:J294, "再実施") -> 0
G8: 実施率 | H8: =H4/H2 -> 1
G9: Close率 | H9: =H5/H2 -> 1
A10: ユーザー | B10: 対象画面 | C10: 正常or異常 | D10: 確認する品質 | E10: 期待する結果 | G10: 又来_iPhone12mini | J10: 実行日 | K10: ステータス | L10: issue id
B11: 個人情報確認画面 | C11: 正常 | D11: 表示される画面のUIを確認する | E11: レイアウト通りにパーツが表示されていること | G11: Close | J11: 45834 | K11: Close
C12: 正常 | D12: 画面上部の進捗度を確認する | E12: 5/6の進捗度になっていること | G12: Close | J12: 45834 | K12: Close
C13: 正常 | D13: 戻るボタンをタップする | E13: 解析結果商品レコメンド画面へ遷移すること | G13: Close | J13: 45834 | K13: Close
C14: 正常 | D14: 修正するボタンをタップする | E14: 個人情報修正画面に遷移すること | G14: Close | J14: 45834 | K14: Close
C15: 正常 | D15: 次に進むボタン | E15: 商品情報確認画面に遷移すること | G15: Close | J15: 45834 | K15: Close
B16: 2名計測時(1人目)もしくは1名での計測 | C16: 正常 | D16: 表示されている項目を確認する | E16: ・お名前(漢字) ・お名前(カナ) ・電話番号 ・メールアドレス ・郵便番号 ・住所 ・建物名 の項目が表示されていること | G16: Close | J16: 45834 | K16: Close
C17: 正常 | D17: 上記ケースの続き 表示されている内容の項目を確認する | E17: 個人情報入力画面で入力した内容が表示されていること | G17: Close | J17: 45834 | K17: Close
B18: 2名計測時(2人目) | C18: 正常 | D18: 表示されている項目を確認する | E18: ・お名前(漢字) ・お名前(カナ) ・電話番号 の項目が表示されていること | G18: Close | J18: 45834 | K18: Close
C19: 正常 | D19: 上記ケースの続き 表示されている内容の項目を確認する | E19: 個人情報入力画面(2人目)で入力した内容が表示されていること | G19: Close | J19: 45834 | K19: Close

Sheet 個人情報修正画面
G2: 全体テスト項目数 | H2: =COUNTA(E11:E290) -> 22
G3: 未実施数 | H3: =H2-H4 -> 0
G4: 実施数 | H4: =COUNTIF(J11:J290, "<>") -> 22 | K4: 未実施
G5: Close数 | H5: =COUNTIF(K11:K290, "Close") -> 22 | K5: 要対応
G6: 要対応数 | H6: =COUNTIF(K11:K290, "要対応") -> 0 | K6: Close
G7: 再実施数 | H7: =COUNTIF(J14:J290, "再実施") -> 0
G8: 実施率 | H8: =H4/H2 -> 1
G9: Close率 | H9: =H5/H2 -> 1
A10: ユーザー | B10: 対象画面 | C10: 正常or異常 | D10: 確認する品質 | E10: 期待する結果 | G10: 又来_iPhone12mini | J10: 実行日 | K10: ステータス | L10: issue id
B11: 個人情報修正画面 | C11: 正常 | D11: 表示される画面のUIを確認する | E11: レイアウト通りにパーツが表示されていること | G11: Close | J11: 45834 | K11: Close
C12: 正常 | D12: 戻るボタンをタップする | E12: 個人情報確認画面へ遷移すること | G12: Close | J12: 45834 | K12: Close
B13: 2名計測時(1人目)もしくは1名での計測 | C13: 正常 | D13: お名前(漢字)のフォームを入力する | E13: 任意の文字列10文字まで入力できること | G13: Close | J13: 45834 | K13: Close
C14: 正常 | D14: お名前(カタカナ)のフォームを入力する | E14: 任意の文字列15文字まで入力できること | G14: Close | J14: 45834 | K14: Close
C15: 正常 | D15: 電話番号フォームを入力する | E15: 任意の数字11文字まで入力できること | G15: Close | J15: 45834 | K15: Close
C16: 正常 | D16: メールアドレスフォームを入力する | E16: 任意の文字列が入力できること(入力制限は特にない) | G16: Close | J16: 45834 | K16: Close
C17: 正常 | D17: 郵便番号入力フォームを入力する | E17: 任意の数字7文字まで入力できること | G17: Close | J17: 45834 | K17: Close
C18: 正常 | D18: 住所入力フォームを入力する | E18: 任意の文字列が入力できること(入力制限は特にない) | G18: Close | J18: 45834 | K18: Close
C19: 正常 | D19: 建物名入力フォームを入力する | E19: 任意の文字列が入力できること(入力制限は特にない) | G19: Close | J19: 45834 | K19: Close
C20: 正常 | D20: お名前(漢字)のフォームで数字などを入力する | E20: 「正しい[項目]内容を入力してください」とエラーが表示されること | G20: Close | J20: 45834 | K20: Close
C21: 正常 | D21: お名前(カタカナ)のフォームで数字や記号を入力する | E21: 「正しい[項目]内容を入力してください」とエラーが表示されること | G21: Close | J21: 45834 | K21: Close
C22: 正常 | D22: フォームを空の状態で次へ進むボタンをタップする | E22: 「正しい[項目]内容を入力してください」とエラーが表示されること | G22: Close | J22: 45834 | K22: Close
C23: 正常 | D23: 電話番号フォームで数値以外のフォームを入力する | E23: 「正しい[項目]内容を入力してください」とエラーが表示されること | G23: Close | J23: 45834 | K23: Close
C24: 正常 | D24: メールアドレスフォームでメールアドレスの形式でない文字列を入力する | E24: 「正しいメールアドレスの形式を入力してください」とエラーが表示されること | G24: Close | J24: 45834 | K24: Close
C25: 正常 | D25: 郵便番号入力のフォームで数値以外の文字列を入力する | E25: 「正しい[項目]内容を入力してください」とエラーが表示されること | G25: Close | J25: 45834 | K25: Close
... C27: 正常 | D27: 全てのフォームを入力し、次へ進むボタンをタップする | E27: 個人情報確認画面へ遷移すること。修正した内容が反映されていること | G27: Close | J27: 45834 | K27: Close
B28: 2名計測時(2人目) | C28: 正常 | D28: 表示されているフォームの内容を確認する | E28: お名前(漢字)、お名前(カタカナ)、電話番号のフォームのみ表示されていること | G28: Close | J28: 45834 | K28: Close
C29: 正常 | D29: お名前(漢字)のフォームを入力する | E29: 任意の文字列10文字まで入力できること | G29: Close | J29: 45834 | K29: Close
C30: 正常 | D30: お名前(カタカナ)のフォームを入力する | E30: 任意の文字列15文字まで入力できること | G30: Close | J30: 45834 | K30: Close
C31: 正常 | D31: 電話番号フォームを入力する | E31: 任意の数字11文字まで入力できること | G31: Close | J31: 45834 | K31: Close
C32: 正常 | D32: 全てのフォームを入力し、次へ進むボタンをタップする | E32: 個人情報確認画面へ遷移すること。修正した内容が反映されていること | G32: Close | J32: 45834 | K32: Close

Sheet 商品情報確認画面
G2: 全体テスト項目数 | H2: =COUNTA(E11:E292) -> 9
G3: 未実施数 | H3: =H2-H4 -> 0
G4: 実施数 | H4: =COUNTIF(J11:J292, "<>") -> 9 | K4: 未実施
G5: Close数 | H5: =COUNTIF(K11:K292, "Close") -> 9 | K5: 要対応
G6: 要対応数 | H6: =COUNTIF(K11:K292, "要対応") -> 0 | K6: Close
G7: 再実施数 | H7: =COUNTIF(J15:J292, "再実施") -> 0
G8: 実施率 | H8: =H4/H2 -> 1
G9: Close率 | H9: =H5/H2 -> 1
A10: ユーザー | B10: 対象画面 | C10: 正常or異常 | D10: 確認する品質 | E10: 期待する結果 | G10: 又来_iPhone12mini | J10: 実行日 | K10: ステータス | L10: issue id
B11: 商品情報確認画面 | C11: 正常 | D11: 表示される画面のUIを確認する | E11: レイアウト通りにパーツが表示されていること | G11: Close | J11: 45834 | K11: Close
C12: 正常 | D12: 画面上部の進捗度を確認する | E12: 5/6の進捗度になっていること | G12: Close | J12: 45834 | K12: Close
C13: 正常 | D13: 戻るボタンをタップする | E13: 個人情報確認画面へ遷移すること | G13: Close | J13: 45834 | K13: Close
C14: 正常 | D14: まくら入力内容の確認する | E14: 商品選択画面で入力した内容が表示されていること | G14: Close | J14: 45834 | K14: Close
C15: 正常 | D15: オーダーまくら専用素材/カバーの変更をタップする | E15: 商品情報確認修正画面に遷移すること | G15: Close | J15: 45834 | K15: Close
C16: 正常 | D16: マットレス入力内容の確認する | E16: 商品選択画面で入力した内容が表示されていること | G16: Close | J16: 45834 | K16: Close
C17: 正常 | D17: オーダーまくら専用素材/カバーの変更をタップする | E17: 商品情報確認修正画面に遷移すること | G17: Close | J17: 45834 | K17: Close
C18: 正常 | D18: 注文を確定するボタンをタップする | E18: ローディングが表示され、オーダー完了画面に遷移すること | G18: Close | J18: 45834 | K18: Close
C19: 正常 | D19: WiFiやネットワークをOFFの状態で注文を確定するボタンをタップする | E19: エラーアラートが表示されること | G19: Close | J19: 45834 | K19: Close

Sheet 商品情報確認修正画面
G2: 全体テスト項目数 | H2: =COUNTA(E11:E300) -> 19
G3: 未実施数 | H3: =H2-H4 -> 0
G4: 実施数 | H4: =COUNTIF(J11:J300, "<>") -> 19 | K4: 未実施
G5: Close数 | H5: =COUNTIF(K11:K300, "Close") -> 19 | K5: 要対応
G6: 要対応数 | H6: =COUNTIF(K11:K300, "要対応") -> 0 | K6: Close
G7: 再実施数 | H7: =COUNTIF(J15:J300, "再実施") -> 0
G8: 実施率 | H8: =H4/H2 -> 1
G9: Close率 | H9: =H5/H2 -> 1
A10: ユーザー | B10: 対象画面 | C10: 正常or異常 | D10: 確認する品質 | E10: 期待する結果 | G10: 又来_iPhone12mini | J10: 実行日 | K10: ステータス | L10: issue id
B11: 商品情報確認修正画面 | C11: 正常 | D11: 表示される画面のUIを確認する | E11: レイアウト通りにパーツが表示されていること | G11: Close | J11: 45834 | K11: Close | P11: https://github.com/shinonome-inc/nemuriya-app/issues/151
C12: 正常 | D12: 戻るボタンをタップする | E12: 商品情報確認画面へ遷移すること | G12: Close | J12: 45834 | K12: Close
B13: まくらを変更する場合 | C13: 正常 | D13: 画面ページタイトルを確認する | E13: 「オーダーまくら専用カバー」になっていること | G13: Close | J13: 45834 | K13: Close
C14: 正常 | D14: 必要ボタンをタップする | E14: まくらの素材とカラーを選べる項目が表示されること | G14: Close | J14: 45834 | K14: Close
C15: 正常 | D15: 不要ボタンをタップする | E15: まくらの素材とカラーを選べる項目が非表示になること | G15: Close | J15: 45834 | K15: Close
C16: 異常 | D16: 必要・不要ボタンを同時タップする | E16: 両方とも選択状態にならないこと | G16: Close | J16: 45834 | K16: Close
B17: まくらを1つ購入する場合 | C17: 正常 | D17: カラーと個数の部分をタップする | E17: タップして色ごとに個数を選択できること。個数の範囲が0もしくは1になっていること。 | G17: Close | J17: 45834 | K17: Close
C18: 正常 | D18: 任意のカラーを1個選択にした状態で他のカラーの項目を選択する | E18: 入力できる選択肢が0のみになっていること | G18: Close | J18: 45834 | K18: Close
B19: まくらを2つ購入する場合 | C19: 正常 | D19: カラーと個数の部分をタップする | E19: タップして色ごとに個数を選択できること。個数の範囲が0もしくは2になっていること。 | G19: Close | J19: 45834 | K19: Close
C20: 正常 | D20: 任意のカラーを1個選択にした状態で他のカラーの項目を選択する | E20: 入力できる選択肢が0のみになっていること | G20: Close | J20: 45834 | K20: Close
C21: 正常 | D21: 任意のカラーを2個選択にした状態で他のカラーの項目を選択する | E21: 入力できる選択肢が0のみになっていること | G21: Close | J21: 45834 | K21: Close
C22: 正常 | D22: 任意のカラー2種類それぞれ1個選択にした状態で他のカラーの項目を選択する | E22: 入力できる選択肢が0のみになっていること | G22: Close | J22: 45834 | K22: Close
C23: 正常 | D23: 変更するボタンをタップする | E23: 商品情報確認画面へ遷移すること。変更した場合、変更内容が反映されていること。 | G23: Close | J23: 45834 | K23: Close
B24: マットレスを変更する場合 | C24: 正常 | D24: 任意のカラーを1個選択にした状態で他のカラーの項目を選択する | E24: 「オーダーマットレス専用カバー」になっていること | G24: Close | J24: 45834 | K24: Close
C25: 正常 | D25: 必要ボタンをタップする | E25: マットレスの素材とカラーを選べる項目が表示されること | G25: Close | J25: 45834 | K25: Close
C26: 正常 | D26: 不要ボタンをタップする | E26: マットレスの素材とカラーを選べる項目が非表示になること | G26: Close | J26: 45834 | K26: Close
C27: 異常 | D27: 必要・不要ボタンを同時タップする | E27: 両方とも選択状態にならないこと | G27: Close | J27: 45834 | K27: Close
C28: 正常 | D28: 任意のカラーを選択する | E28: 選択した項目がチェック状態になっていること | G28: Close | J28: 45834 | K28: Close
C29: 正常 | D29: 変更するボタンをタップする | E29: 商品情報確認画面へ遷移すること。変更した場合、変更内容が反映されていること。 | G29: Close | J29: 45834 | K29: Close

Sheet オーダー完了画面
G2: 全体テスト項目数 | H2: =COUNTA(E11:E292) -> 7
G3: 未実施数 | H3: =H2-H4 -> 0
G4: 実施数 | H4: =COUNTIF(J11:J292, "<>") -> 7 | K4: 未実施
G5: Close数 | H5: =COUNTIF(K11:K292, "Close") -> 7 | K5: 要対応
G6: 要対応数 | H6: =COUNTIF(K11:K292, "要対応") -> 0 | K6: Close
G7: 再実施数 | H7: =COUNTIF(J15:J292, "再実施") -> 0
G8: 実施率 | H8: =H4/H2 -> 1
G9: Close率 | H9: =H5/H2 -> 1
A10: ユーザー | B10: 対象画面 | C10: 正常or異常 | D10: 確認する品質 | E10: 期待する結果 | G10: 又来_iPhone12mini | J10: 実行日 | K10: ステータス | L10: issue id
B11: オーダー完了画面 | C11: 正常 | D11: 表示される画面のUIを確認する | E11: レイアウト通りにパーツが表示されていること | G11: Close | J11: 45834 | K11: Close
C12: 正常 | D12: 画面上部の進捗度を確認する | E12: 6/6の進捗度になっていること | G12: Close | J12: 45834 | K12: Close
C13: 正常 | D13: LINEロゴをタップする | E13: 外部リンク（公式LINE）に遷移し、LINEを起動する。 | G13: Close | J13: 45834 | K13: Close
C14: 正常 | D14: ねむりやホームページをタップする | E14: 外部リンク（公式HP）に遷移する。 | G14: Close | J14: 45834 | K14: Close
C15: 正常 | D15: ショップページをタップする | E15: 外部リンク（ショップページ）に遷移する。 | G15: Close | J15: 45834 | K15: Close
C16: 正常 | D16: トップに戻るボタンをタップする | E16: トップ画面に遷移すること。 | G16: Close | J16: 45834 | K16: Close
C17: 正常 | D17: トップに戻るボタンタップでトップ画面に戻った際にエッジスワイプを行う。 | E17: こちらの画面に戻れないこと。 | G17: Close | J17: 45834 | K17: Close
